Workbook

Sheet Start Here
A1: Namaa Finance | GRC Portfolio Project
A2: Applied fictional case study • Saudi digital financial services company • Excel workbook for learning and portfolio demonstration
A4: Topic | B4: Details
A5: Purpose | B5: Demonstrate an end-to-end GRC workflow: Assets → Risks → Controls → Gaps → Treatment → Evidence → Executive Dashboard.
A6: Company scenario | B6: Namaa Finance is a fictional Saudi digital financial services company with 80 employees, a customer mobile app, digital accounts and payment services.
A7: Important note | B7: This is a simulated learning project. Statuses, risks, controls, owners and dates are illustrative assumptions—not evidence of a real company's security posture or compliance.
A8: How to use | B8: Start with Asset Inventory, then follow the linked IDs in Risk Register, Controls, Gap Assessment, Risk Treatment Plan and Evidence Tracker.
A9: Risk scoring | B9: Likelihood (1–5) × Impact (1–5) = Inherent Risk Score. Suggested bands: 1–4 Low; 5–9 Medium; 10–16 High; 17–25 Critical.
A10: Evidence rule | B10: A control is not proven effective just because it is written in a spreadsheet. Evidence Tracker identifies what evidence should be collected; 'Pending' means it has not been verified.
A11: Framework note | B11: NCA ECC references are illustrative high-level mappings for practice. Verify exact control identifiers and current requirements against the official framework before claiming compliance.
A12: Portfolio tip | B12: When presenting this project, explain your assumptions, show how one risk links to an asset/control/gap/treatment/evidence item, and label it clearly as a fictional case study.
A13: Suggested walkthrough | B13: 1) Asset A001 Customer Database → 2) Risk R-001 Data breach → 3) Control C-01 Encryption/access control → 4) Gap G-01 Evidence/implementation gap → 5) Treatment T-01 → 6) Evidence E-01 → 7) Dashboard.

Sheet Executive Dashboard
A1: Namaa Finance | Executive GRC Dashboard
A2: Fictional training scenario • Summary is formula-driven where possible; verify all assumptions and evidence before making real compliance claims.
A4: Assets listed | B4: =COUNTA('Asset Inventory'!A5:A24) -> 20 | C4: Risks listed | D4: =COUNTA('Risk Register'!A5:A16) -> 12 | E4: High/Critical inherent risks | F4: =COUNTIF('Risk Register'!I5:I16,"High")+COUNTIF('Risk Register'!I5:I16,"Critical") -> 11
A7: Priority gaps | B7: =COUNTA('Gap Assessment'!A5:A14) -> 10 | C7: Treatments listed | D7: =COUNTA('Risk Treatment Plan'!A5:A16) -> 12 | E7: Evidence items pending | F7: =COUNTIF('Evidence Tracker'!G5:G15,"Pending") -> 11
A10: Management observations
A11: 1. This is a simulated baseline: many controls are marked 'Not verified' because the scenario has no collected evidence.
A12: 2. Prioritize customer data protection, MFA, privileged access, backup restore testing, cloud configuration and supplier assurance.
A13: 3. A treatment is not complete merely because an action is planned; closure requires evidence to be collected, reviewed and accepted.
A14: 4. Risk scores are illustrative. Reassess likelihood and impact using the company's approved methodology and validated facts.
A15: 5. Do not claim NCA ECC compliance from this workbook alone; confirm exact requirements, scope, evidence and control effectiveness.
A18: Risk level distribution
A19: Level | B19: Count
A20: Critical | B20: =COUNTIF('Risk Register'!I5:I16,A20) -> 1
A21: High | B21: =COUNTIF('Risk Register'!I5:I16,A21) -> 10
A22: Medium | B22: =COUNTIF('Risk Register'!I5:I16,A22) -> 0
A23: Low | B23: =COUNTIF('Risk Register'!I5:I16,A23) -> 1

Sheet Asset Inventory
A1: Asset Inventory | حصر الأصول
A2: Identify what the company owns or relies on. CIA values are 1–3: Confidentiality, Integrity, Availability.
A4: Asset ID | B4: Asset Name | C4: Asset Type | D4: Business Purpose | E4: Data Classification | F4: Asset Criticality | G4: Confidentiality (1-3) | H4: Integrity (1-3) | I4: Availability (1-3) | J4: Asset Owner | K4: Technical Custodian | L4: Assumption / Rationale
A5: A001 | B5: Customer Database | C5: Data / Database | D5: Stores customer identity and account information | E5: Highly Confidential | F5: High | G5: 3 | H5: 3 | I5: 3 | J5: Customer Service Manager | K5: IT / Database Team | L5: Assumed scenario: sensitive personal and account data; encryption status must be verified.
A6: A002 | B6: Employee Accounts | C6: Identity / Access | D6: Provides staff access to company systems | E6: Confidential | F6: High | G6: 3 | H6: 3 | I6: 2 | J6: IT Manager | K6: Identity Administrator | L6: Accounts can be misused if credentials are compromised; MFA status to be verified.
A7: A003 | B7: Payment Processing System | C7: Application | D7: Processes digital payments and transfers | E7: Highly Confidential | F7: High | G7: 3 | H7: 3 | I7: 3 | J7: Head of Operations | K7: Application Team | L7: Availability and integrity are essential to payment services.
A8: A004 | B8: Transaction Records | C8: Data / Records | D8: Maintains transaction history and audit trail | E8: Highly Confidential | F8: High | G8: 3 | H8: 3 | I8: 3 | J8: Finance Manager | K8: Database Team | L8: Integrity and confidentiality are important for financial records.
A9: A005 | B9: Backup System | C9: Infrastructure / Service | D9: Supports recovery after deletion, failure or ransomware | E9: Confidential | F9: High | G9: 3 | H9: 3 | I9: 3 | J9: IT Manager | K9: Infrastructure Team | L9: Recovery value depends on backup completion and restore testing.
A10: A006 | B10: Application Server | C10: Infrastructure / Server | D10: Hosts backend services and APIs | E10: Confidential | F10: High | G10: 3 | H10: 3 | I10: 3 | J10: Technology Manager | K10: Infrastructure Team | L10: Compromise could affect multiple digital services.
A11: A007 | B11: Corporate Email | C11: SaaS / Communication | D11: Internal and external business communication | E11: Confidential | F11: Medium | G11: 2 | H11: 2 | I11: 2 | J11: HR / Admin Manager | K11: IT Support | L11: Phishing and account takeover are plausible risks.
A12: A008 | B12: Employee Laptops | C12: Endpoint / Device | D12: Used by employees for daily work | E12: Confidential | F12: High | G12: 2 | H12: 3 | I12: 2 | J12: Department Managers | K12: IT Support | L12: Endpoints may access business data; endpoint protection status must be checked.
A13: A009 | B13: Public Website | C13: Web Application | D13: Provides public information and customer guidance | E13: Public | F13: Low | G13: 2 | H13: 2 | I13: 1 | J13: Marketing Manager | K13: Web Team | L13: Public-facing service; defacement or outage may affect reputation.
A14: A010 | B14: Mobile Application | C14: Customer Application | D14: Customer-facing channel for digital services | E14: Confidential | F14: High | G14: 3 | H14: 3 | I14: 3 | J14: Product Manager | K14: Application Team | L14: Customer access and transactions depend on app security and availability.
A15: A011 | B15: Firewall | C15: Network Security | D15: Filters network traffic between zones | E15: Internal | F15: High | G15: 3 | H15: 3 | I15: 3 | J15: Network Manager | K15: Network Team | L15: Effectiveness depends on rules, review and change control.
A16: A012 | B16: Security Logs / SIEM | C16: Security Monitoring | D16: Collects and supports review of security events | E16: Confidential | F16: High | G16: 3 | H16: 3 | I16: 3 | J16: Security Manager | K16: SOC / IT Team | L16: Logs support detection and investigation; retention and alert coverage need review.
... A24: A020 | B24: Privileged Admin Accounts | C24: Identity / Access | D24: Provides elevated access to critical systems | E24: Highly Confidential | F24: High | G24: 3 | H24: 3 | I24: 3 | J24: IT Manager | K24: Identity Administrator | L24: Misuse could affect multiple systems; privileged access requires stronger controls.

Sheet Risk Register
A1: Risk Register | سجل المخاطر
A2: Score = Likelihood × Impact. Scores and statuses are illustrative for the fictional case; revise them when evidence is available.
A4: Risk ID | B4: Risk Title | C4: Asset ID | D4: Threat / Event | E4: Vulnerability / Uncertainty | F4: Likelihood (1-5) | G4: Impact (1-5) | H4: Inherent Score | I4: Inherent Level | J4: Related Controls | K4: Gap ID | L4: Treatment ID | M4: Risk Owner | N4: Response | O4: Notes
A5: R-001 | B5: Customer data breach | C5: A001 | D5: Unauthorized access / data exfiltration | E5: Encryption or access-control effectiveness not yet evidenced | F5: 4 | G5: 5 | H5: =F5*G5 -> 20 | I5: =IF(H5>=17,"Critical",IF(H5>=10,"High",IF(H5>=5,"Medium","Low"))) -> Critical | J5: C-01; C-02 | K5: G-01 | L5: T-01 | M5: Security Manager | N5: Treat | O5: Illustrative scenario; confirm actual control state before scoring residual risk.
A6: R-002 | B6: Employee account takeover | C6: A002 | D6: Stolen or reused credentials | E6: MFA coverage and access review not verified | F6: 4 | G6: 4 | H6: =F6*G6 -> 16 | I6: =IF(H6>=17,"Critical",IF(H6>=10,"High",IF(H6>=5,"Medium","Low"))) -> High | J6: C-03 | K6: G-02 | L6: T-02 | M6: IT Manager | N6: Treat | O6: Example threat: phishing or leaked password.
A7: R-003 | B7: Payment service disruption | C7: A003 | D7: System failure, attack or configuration error | E7: Recovery and change controls need validation | F7: 3 | G7: 5 | H7: =F7*G7 -> 15 | I7: =IF(H7>=17,"Critical",IF(H7>=10,"High",IF(H7>=5,"Medium","Low"))) -> High | J7: C-04; C-05 | K7: G-03 | L7: T-03 | M7: Head of Operations | N7: Treat | O7: Could interrupt customer transactions.
A8: R-004 | B8: Transaction record tampering | C8: A004 | D8: Unauthorized modification of financial records | E8: Privileged access monitoring not confirmed | F8: 3 | G8: 5 | H8: =F8*G8 -> 15 | I8: =IF(H8>=17,"Critical",IF(H8>=10,"High",IF(H8>=5,"Medium","Low"))) -> High | J8: C-02; C-06 | K8: G-04 | L8: T-04 | M8: Finance Manager | N8: Treat | O8: Integrity impact assumed high.
A9: R-005 | B9: Backup failure during incident | C9: A005 | D9: Backup unavailable, incomplete or not restorable | E9: Restore-test evidence not available in scenario | F9: 3 | G9: 5 | H9: =F9*G9 -> 15 | I9: =IF(H9>=17,"Critical",IF(H9>=10,"High",IF(H9>=5,"Medium","Low"))) -> High | J9: C-07 | K9: G-05 | L9: T-05 | M9: IT Manager | N9: Treat | O9: Backup existence alone does not prove recoverability.
A10: R-006 | B10: Malware on employee endpoint | C10: A008 | D10: Malicious attachment or compromised device | E10: Endpoint protection and patch status not verified | F10: 3 | G10: 4 | H10: =F10*G10 -> 12 | I10: =IF(H10>=17,"Critical",IF(H10>=10,"High",IF(H10>=5,"Medium","Low"))) -> High | J10: C-08; C-09 | K10: G-06 | L10: T-06 | M10: IT Manager | N10: Treat | O10: Likelihood is an illustrative estimate, not measured frequency.
A11: R-007 | B11: Phishing via corporate email | C11: A007 | D11: Credential theft or malicious link | E11: Awareness and email protection evidence not verified | F11: 4 | G11: 3 | H11: =F11*G11 -> 12 | I11: =IF(H11>=17,"Critical",IF(H11>=10,"High",IF(H11>=5,"Medium","Low"))) -> High | J11: C-03; C-10 | K11: G-07 | L11: T-07 | M11: IT Manager | N11: Treat | O11: May lead to account compromise.
A12: R-008 | B12: Cloud misconfiguration | C12: A015 | D12: Public exposure or excessive permissions | E12: Configuration review evidence not confirmed | F12: 3 | G12: 5 | H12: =F12*G12 -> 15 | I12: =IF(H12>=17,"Critical",IF(H12>=10,"High",IF(H12>=5,"Medium","Low"))) -> High | J12: C-02; C-11 | K12: G-08 | L12: T-08 | M12: Cloud Service Owner | N12: Treat | O12: Validate against cloud inventory and configuration records.
A13: R-009 | B13: Third-party payment service incident | C13: A016 | D13: Supplier outage or security incident | E13: Supplier assurance and contingency evidence not available | F13: 3 | G13: 5 | H13: =F13*G13 -> 15 | I13: =IF(H13>=17,"Critical",IF(H13>=10,"High",IF(H13>=5,"Medium","Low"))) -> High | J13: C-12 | K13: G-09 | L13: T-09 | M13: Vendor Manager | N13: Treat | O13: Supplier controls are not directly managed by the company.
A14: R-010 | B14: Public website defacement | C14: A009 | D14: Unauthorized website changes | E14: Web change review and protection need validation | F14: 2 | G14: 2 | H14: =F14*G14 -> 4 | I14: =IF(H14>=17,"Critical",IF(H14>=10,"High",IF(H14>=5,"Medium","Low"))) -> Low | J14: C-05; C-09 | L14: T-10 | M14: Marketing Manager | N14: Mitigate | O14: Lower impact assumption for public information website.
A15: R-011 | B15: Privileged account misuse | C15: A020 | D15: Abuse of elevated access | E15: Privileged account review and logging not verified | F15: 3 | G15: 5 | H15: =F15*G15 -> 15 | I15: =IF(H15>=17,"Critical",IF(H15>=10,"High",IF(H15>=5,"Medium","Low"))) -> High | J15: C-02; C-03; C-06 | K15: G-04 | L15: T-11 | M15: IT Manager | N15: Treat | O15: High potential impact across systems.
A16: R-012 | B16: Security incident not detected promptly | C16: A012 | D16: Logging gaps or alerts not reviewed | E16: Monitoring coverage and response evidence not confirmed | F16: 3 | G16: 4 | H16: =F16*G16 -> 12 | I16: =IF(H16>=17,"Critical",IF(H16>=10,"High",IF(H16>=5,"Medium","Low"))) -> High | J16: C-06; C-13 | K16: G-06 | L16: T-12 | M16: Security Manager | N16: Treat | O16: Log collection does not automatically mean alerts are monitored.

Sheet Controls
A1: Controls | الضوابط
A2: A control is a safeguard. 'Not verified' means the fictional scenario does not yet contain enough evidence to conclude it is operating effectively.
A4: Control ID | B4: Control Name | C4: Related Asset ID(s) | D4: Objective | E4: Expected Operation | F4: Control Type | G4: Scenario Status | H4: Evidence to Request | I4: Control Owner | J4: Related Gap ID(s) | K4: Notes
A5: C-01 | B5: Data encryption | C5: A001 | D5: Protect sensitive customer data at rest and in transit | E5: Encryption configured using approved methods | F5: Technical | G5: Partially evidenced | H5: Screenshot/configuration export; key-management settings | I5: Security Manager | J5: G-01 | K5: High-level data protection requirement; validate exact framework mapping.
A6: C-02 | B6: Access control and periodic access review | C6: A001; A004; A015; A020 | D6: Limit access to authorized users and review privileges | E6: Approved access list and completed review record | F6: Administrative / Technical | G6: Not verified | H6: Access review export with reviewer and date | I6: IT Manager | J6: G-01; G-04; G-08 | K6: Control design and implementation must be assessed separately.
A7: C-03 | B7: Multi-factor authentication (MFA) | C7: A002; A007; A020 | D7: Reduce risk of account compromise | E7: MFA coverage report and configuration evidence | F7: Technical | G7: Not verified | H7: Identity-provider MFA report | I7: IT Manager | J7: G-02; G-07 | K7: Example control; do not claim enabled until verified.
A8: C-04 | B8: Availability and resilience monitoring | C8: A003 | D8: Detect service degradation and support continuity | E8: Monitoring alerts and incident records | F8: Technical | G8: Not verified | H8: Monitoring configuration and sample alert | I8: Operations Manager | J8: G-03
A9: C-05 | B9: Change management | C9: A003; A009 | D9: Ensure system changes are authorized and tested | E9: Approved change tickets and test records | F9: Administrative / Technical | G9: Partially evidenced | H9: Sample approved change record | I9: Technology Manager | J9: G-03; G-10
A10: C-06 | B10: Security logging and privileged activity monitoring | C10: A004; A012; A020 | D10: Record and review important security events | E10: Logs, alert rules, review records | F10: Technical | G10: Not verified | H10: SIEM query or log sample; review evidence | I10: Security Manager | J10: G-04; G-06
A11: C-07 | B11: Backup and restore testing | C11: A005 | D11: Ensure critical data can be recovered | E11: Backup jobs and successful restore-test record | F11: Technical / Operational | G11: Not verified | H11: Latest backup report and restore-test result | I11: IT Manager | J11: G-05
A12: C-08 | B12: Endpoint protection | C12: A008 | D12: Detect and reduce malware risk on laptops | E12: EDR/endpoint agent status and alert sample | F12: Technical | G12: Not verified | H12: Endpoint console export | I12: IT Manager | J12: G-06
A13: C-09 | B13: Patch and vulnerability management | C13: A008; A009 | D13: Identify and remediate known vulnerabilities | E13: Patch compliance and vulnerability scan reports | F13: Technical | G13: Partially evidenced | H13: Patch report; remediation tickets | I13: IT Manager | J13: G-06; G-10
A14: C-10 | B14: Email security and user awareness | C14: A007 | D14: Reduce phishing and malicious email risk | E14: Email protection configuration and training records | F14: Technical / Administrative | G14: Not verified | H14: Email security report; training completion record | I14: IT Manager | J14: G-07
A15: C-11 | B15: Cloud configuration review | C15: A015 | D15: Identify public exposure and excessive permissions | E15: Cloud posture review and remediation records | F15: Technical | G15: Not verified | H15: Configuration scan export and closed findings | I15: Cloud Service Owner | J15: G-08
A16: C-12 | B16: Third-party security assurance | C16: A016 | D16: Assess supplier security and continuity risks | E16: Due diligence, contract clauses, assurance review | F16: Administrative | G16: Not verified | H16: Supplier assessment and review record | I16: Vendor Manager | J16: G-09
A17: C-13 | B17: Incident response process | C17: A012; A019 | D17: Support timely triage, escalation and response | E17: Approved procedure, incident log and exercise record | F17: Administrative / Operational | G17: Partially evidenced | H17: Approved procedure and tabletop exercise record | I17: Security Manager | J17: G-06

Sheet Gap Assessment
A1: Gap Assessment | تقييم الفجوات
A2: A gap is a difference between an expected requirement/control and the evidence available about current implementation.
A4: Gap ID | B4: Gap / Topic | C4: Related Asset ID(s) | D4: Related Control ID(s) | E4: Observed Gap / Missing Information | F4: Assessment Status | G4: Priority | H4: Treatment ID | I4: Gap Owner | J4: Recommended Next Step | K4: Status
A5: G-01 | B5: Customer data encryption/access review | C5: A001 | D5: C-01; C-02 | E5: Evidence of encryption and access review is not available in the scenario | F5: Partially evidenced / needs validation | G5: High | H5: T-01 | I5: Security Manager | J5: Request configuration and access review evidence; validate encryption scope. | K5: Open
A6: G-02 | B6: MFA coverage for employee accounts | C6: A002 | D6: C-03 | E6: MFA coverage has not been verified | F6: Not verified | G6: High | H6: T-02 | I6: IT Manager | J6: Export MFA coverage; identify exceptions and remediate accounts without MFA. | K6: Open
A7: G-03 | B7: Payment service resilience/change records | C7: A003 | D7: C-04; C-05 | E7: Monitoring and change records need validation | F7: Partially evidenced / needs validation | G7: High | H7: T-03 | I7: Head of Operations | J7: Review monitoring configuration, change approvals and service recovery plans. | K7: Open
A8: G-04 | B8: Privileged access and transaction integrity | C8: A004; A020 | D8: C-02; C-06 | E8: Access review and privileged activity evidence not confirmed | F8: Not verified | G8: High | H8: T-04 | I8: IT Manager | J8: Review privileged account inventory, approvals and monitoring records. | K8: Open
A9: G-05 | B9: Backup restore testing | C9: A005 | D9: C-07 | E9: No restore-test evidence is available in the scenario | F9: Not verified | G9: High | H9: T-05 | I9: IT Manager | J9: Run a controlled restore test and retain dated result with owner approval. | K9: Open
A10: G-06 | B10: Endpoint, logging and incident detection | C10: A008; A012 | D10: C-06; C-08; C-09; C-13 | E10: Endpoint coverage, patching and alert review need validation | F10: Not verified | G10: High | H10: T-06 | I10: Security Manager | J10: Collect endpoint coverage, patch status, SIEM alert review and response exercise evidence. | K10: Open
A11: G-07 | B11: Phishing protection and awareness | C11: A007 | D11: C-03; C-10 | E11: Email controls, MFA and training evidence not confirmed | F11: Not verified | G11: High | H11: T-07 | I11: IT Manager | J11: Validate email security settings, MFA coverage and awareness completion. | K11: Open
A12: G-08 | B12: Cloud configuration and permissions | C12: A015 | D12: C-02; C-11 | E12: Cloud configuration review and access evidence not available | F12: Not verified | G12: High | H12: T-08 | I12: Cloud Service Owner | J12: Perform cloud configuration review and close exposed-resource or excessive-permission findings. | K12: Open
A13: G-09 | B13: Supplier security assurance | C13: A016 | D13: C-12 | E13: Supplier assessment and contingency evidence not available | F13: Not verified | G13: High | H13: T-09 | I13: Vendor Manager | J13: Complete supplier security review and confirm incident notification/continuity clauses. | K13: Open
A14: G-10 | B14: Public website patch/change controls | C14: A009 | D14: C-05; C-09 | E14: Evidence of approved website changes and current patch/vulnerability reviews is not available in the scenario | F14: Not verified | G14: Medium | H14: T-10 | I14: Marketing Manager + Web Team | J14: Review a sample of approved changes and current patch/vulnerability records; document and remediate exceptions. | K14: Open

Sheet Risk Treatment Plan
A1: Risk Treatment Plan | خطة معالجة المخاطر
A2: Planned actions only. Dates are illustrative project deadlines, not commitments by a real organization.
A4: Treatment ID | B4: Action / Treatment | C4: Related Risk ID(s) | D4: Related Gap ID | E4: Planned Actions | F4: Action Owner | G4: Target Date | H4: Priority | I4: Treatment Option | J4: Evidence Required for Closure | K4: Status | L4: Notes
A5: T-01 | B5: Validate and implement encryption/access review for customer data | C5: R-001 | D5: G-01 | E5: Confirm database encryption in transit/at rest; review access permissions; remediate exceptions | F5: Security Manager + Database Team | G5: 46341 | H5: High | I5: Planned | J5: Configuration export; access review sign-off | K5: Not started | L5: No implementation claim until evidence is reviewed.
A6: T-02 | B6: Verify and enforce MFA | C6: R-002 | D6: G-02 | E6: Export MFA coverage; enable MFA for in-scope accounts; document approved exceptions | F6: IT Manager | G6: 46336 | H6: High | I6: Planned | J6: MFA coverage report and exception register | K6: Not started
A7: T-03 | B7: Validate payment service resilience and change control | C7: R-003 | D7: G-03 | E7: Review monitoring, approved changes, service continuity and recovery arrangements | F7: Head of Operations | G7: 46346 | H7: High | I7: Planned | J7: Monitoring sample; approved change ticket; recovery test | K7: Not started
A8: T-04 | B8: Review privileged access and logging | C8: R-004; R-011 | D8: G-04 | E8: Inventory privileged accounts; confirm approvals; review logs and remove unnecessary access | F8: IT Manager | G8: 46344 | H8: High | I8: Planned | J8: Privileged account export; access review; log sample | K8: Not started
A9: T-05 | B9: Perform backup restore test | C9: R-005 | D9: G-05 | E9: Select approved test data, restore to safe environment, record outcome and remediate failures | F9: IT Manager | G9: 46338 | H9: High | I9: Planned | J9: Dated restore-test report and remediation ticket | K9: Not started
A10: T-06 | B10: Validate endpoint and detection coverage | C10: R-006; R-012 | D10: G-06 | E10: Check endpoint agent/patch coverage; review SIEM alerting; conduct incident-response tabletop exercise | F10: Security Manager | G10: 46351 | H10: High | I10: Planned | J10: Endpoint report; patch report; alert review; exercise minutes | K10: Not started
A11: T-07 | B11: Improve phishing safeguards | C11: R-007 | D11: G-07 | E11: Validate email protections and MFA; complete awareness training and track exceptions | F11: IT Manager | G11: 46348 | H11: High | I11: Planned | J11: Email security report; MFA report; training completion | K11: Not started
A12: T-08 | B12: Review cloud configuration and permissions | C12: R-008 | D12: G-08 | E12: Run cloud posture review; fix public exposure and excessive permissions; document approvals | F12: Cloud Service Owner | G12: 46345 | H12: High | I12: Planned | J12: Cloud scan export and closure evidence | K12: Not started
A13: T-09 | B13: Complete supplier security review | C13: R-009 | D13: G-09 | E13: Assess supplier security and continuity; review contract terms and escalation contacts | F13: Vendor Manager | G13: 46356 | H13: High | I13: Planned | J13: Completed supplier assessment and contract review | K13: Not started
A14: T-10 | B14: Validate public website change and patch controls | C14: R-010 | D14: G-10 | E14: Sample website changes and review patch/vulnerability records | F14: Marketing Manager + Web Team | G14: 46354 | H14: Medium | I14: Planned | J14: Approved change ticket and patch report | K14: Not started | L14: G-10 is tracked in this treatment even though only 9 priority gaps are listed.
A15: T-11 | B15: Review privileged account misuse risk | C15: R-011 | D15: G-04 | E15: Remove stale privileged access; require approvals and periodic review | F15: IT Manager | G15: 46344 | H15: High | I15: Planned | J15: Privileged access review and approved changes | K15: Not started | L15: Linked to G-04.
A16: T-12 | B16: Validate monitoring and incident response | C16: R-012 | D16: G-06 | E16: Confirm critical logs are collected, alerts assigned and response steps tested | F16: Security Manager | G16: 46351 | H16: High | I16: Planned | J16: Log sample; alert ownership; tabletop exercise record | K16: Not started | L16: Linked to G-06.

Sheet Evidence Tracker
A1: Evidence Tracker | سجل الأدلة
A2: Track what evidence is needed, who provides it and whether it has actually been received and reviewed.
A4: Evidence ID | B4: Evidence Item | C4: Control ID(s) | D4: Linked Asset / Risk / Gap / Treatment | E4: Evidence Description / Acceptance Criteria | F4: Evidence Owner | G4: Status | H4: Current State | I4: Closure Link | J4: Notes
A5: E-01 | B5: Customer database encryption | C5: C-01 | D5: A001 / R-001 / G-01 / T-01 | E5: Database configuration export or approved screenshot; encryption scope and date visible | F5: Database Team | G5: Pending | H5: Not received in fictional scenario | I5: T-01 | J5: Do not mark complete until reviewed.
A6: E-02 | B6: Customer data access review | C6: C-02 | D6: A001 / R-001 / G-01 / T-01 | E6: Dated access list, reviewer approval, exceptions and closure evidence | F6: IT Manager | G6: Pending | H6: Not received in fictional scenario | I6: T-01
A7: E-03 | B7: MFA coverage report | C7: C-03 | D7: A002 / R-002 / G-02 / T-02 | E7: Identity provider export showing enabled/disabled accounts and exceptions | F7: Identity Administrator | G7: Pending | H7: Not received in fictional scenario | I7: T-02
A8: E-04 | B8: Payment monitoring and change records | C8: C-04; C-05 | D8: A003 / R-003 / G-03 / T-03 | E8: Sample alert, approved change ticket and recovery test record | F8: Operations Team | G8: Pending | H8: Not received in fictional scenario | I8: T-03
A9: E-05 | B9: Privileged access review | C9: C-02; C-06 | D9: A004 / A020 / R-004 / R-011 / G-04 / T-04 | E9: Privileged account inventory, reviewer sign-off and log sample | F9: IT Manager | G9: Pending | H9: Not received in fictional scenario | I9: T-04 / T-11
A10: E-06 | B10: Backup restore-test report | C10: C-07 | D10: A005 / R-005 / G-05 / T-05 | E10: Dated test procedure, result, approver and remediation for failures | F10: Infrastructure Team | G10: Pending | H10: Not received in fictional scenario | I10: T-05
A11: E-07 | B11: Endpoint and SIEM coverage | C11: C-06; C-08; C-09; C-13 | D11: A008 / A012 / R-006 / R-012 / G-06 / T-06 | E11: Endpoint and patch exports, alert review record, incident exercise minutes | F11: Security Team | G11: Pending | H11: Not received in fictional scenario | I11: T-06 / T-12
A12: E-08 | B12: Email protection and awareness | C12: C-10; C-03 | D12: A007 / R-007 / G-07 / T-07 | E12: Email security report, MFA coverage and training completion record | F12: IT Team | G12: Pending | H12: Not received in fictional scenario | I12: T-07
A13: E-09 | B13: Cloud configuration review | C13: C-11; C-02 | D13: A015 / R-008 / G-08 / T-08 | E13: Cloud posture report, approved remediation ticket and re-scan result | F13: Cloud Team | G13: Pending | H13: Not received in fictional scenario | I13: T-08
A14: E-10 | B14: Supplier security assessment | C14: C-12 | D14: A016 / R-009 / G-09 / T-09 | E14: Completed supplier assessment, contract clauses and continuity contacts | F14: Vendor Manager | G14: Pending | H14: Not received in fictional scenario | I14: T-09
A15: E-11 | B15: Website change and patch records | C15: C-05; C-09 | D15: A009 / R-010 / G-10 / T-10 | E15: Approved change sample and current patch/vulnerability report | F15: Web Team | G15: Pending | H15: Not received in fictional scenario | I15: T-10
